{
  "version": 1,
  "author": "Anonymous maker",
  "editor": "wokwi",
  "parts": [
    { "type": "wokwi-breadboard", "id": "bb1", "top": -22.2, "left": -554, "attrs": {} },
    { "type": "wokwi-arduino-uno", "id": "uno", "top": -9, "left": 287.4, "attrs": {} },
    {
      "type": "wokwi-resistor",
      "id": "r1",
      "top": -275,
      "left": -375.25,
      "rotate": 270,
      "attrs": { "value": "300" }
    },
    {
      "type": "wokwi-resistor",
      "id": "r2",
      "top": -168,
      "left": -77.35,
      "rotate": 90,
      "attrs": { "value": "100" }
    }
  ],
  "connections": [
    [ "r1:2", "r2:1", "green", [ "v0", "h-56.4" ] ],
    [ "uno:GND.1", "bb1:tp.50", "black", [ "v0" ] ],
    [ "r2:2", "bb1:tp.48", "green", [ "h0" ] ],
    [ "uno:5V", "bb1:tn.18", "red", [ "v-182.5", "h-764.2" ] ],
    [ "r1:1", "bb1:tn.16", "red", [ "h0" ] ],
    [ "uno:A3", "r2:1", "green", [ "v19.1", "h119.3", "v-355.2" ] ]
  ],
  "dependencies": {}
}