{
  "version": 1,
  "author": "Anonymous maker",
  "editor": "wokwi",
  "parts": [
    { "type": "wokwi-arduino-uno", "id": "uno", "top": 39, "left": -19.8, "attrs": {} },
    {
      "type": "wokwi-pushbutton",
      "id": "btn1",
      "top": -76.9,
      "left": 80.3,
      "rotate": 90,
      "attrs": { "color": "green" }
    }
  ],
  "connections": [
    [ "btn1:1.r", "uno:2", "green", [ "v41.9", "h89.9" ] ],
    [ "uno:GND.2", "btn1:2.r", "black", [ "v38.3", "h-197.7", "v-268.8" ] ]
  ],
  "dependencies": {}
}