{
  "version": 1,
  "author": "Anonymous maker",
  "editor": "wokwi",
  "parts": [
    { "type": "wokwi-breadboard", "id": "bb1", "top": -12.6, "left": -26, "attrs": {} },
    { "type": "wokwi-arduino-uno", "id": "uno", "top": -28.2, "left": -567, "attrs": {} },
    { "type": "wokwi-led", "id": "led1", "top": -291.6, "left": 3.8, "attrs": { "color": "red" } },
    {
      "type": "wokwi-led",
      "id": "led2",
      "top": -282,
      "left": 186.2,
      "attrs": { "color": "blue" }
    },
    {
      "type": "wokwi-led",
      "id": "led3",
      "top": -272.4,
      "left": 359,
      "attrs": { "color": "limegreen" }
    },
    {
      "type": "wokwi-resistor",
      "id": "r1",
      "top": -101.65,
      "left": -67.2,
      "attrs": { "value": "330" }
    },
    {
      "type": "wokwi-resistor",
      "id": "r2",
      "top": -130.45,
      "left": 144,
      "attrs": { "value": "330" }
    },
    {
      "type": "wokwi-resistor",
      "id": "r3",
      "top": -130.45,
      "left": 297.6,
      "attrs": { "value": "1000" }
    },
    {
      "type": "wokwi-led",
      "id": "led4",
      "top": -272.4,
      "left": 522.2,
      "attrs": { "color": "magenta" }
    },
    {
      "type": "wokwi-resistor",
      "id": "r4",
      "top": -120.85,
      "left": 441.6,
      "attrs": { "value": "330" }
    }
  ],
  "connections": [
    [ "uno:13", "bb1:tp.1", "green", [ "v0" ] ],
    [ "r1:2", "led1:C", "green", [ "v0", "h46.8" ] ],
    [ "r2:2", "led2:C", "green", [ "v0" ] ],
    [ "r3:2", "led3:C", "green", [ "v28.8", "h75.6" ] ],
    [ "uno:GND.1", "bb1:tn.1", "black", [ "v0" ] ],
    [ "r1:1", "bb1:tn.3", "green", [ "v0" ] ],
    [ "r2:1", "bb1:tn.13", "green", [ "v0" ] ],
    [ "r3:1", "bb1:tn.35", "green", [ "v134.4", "h9.6" ] ],
    [ "led1:A", "bb1:tp.4", "green", [ "v105.6" ] ],
    [ "uno:12", "bb1:30t.a", "green", [ "v76.8", "h701.3" ] ],
    [ "led2:A", "bb1:30t.b", "green", [ "v153.6", "h-19.2" ] ],
    [ "uno:11", "bb1:35t.b", "green", [ "v0" ] ],
    [ "led3:A", "bb1:35t.c", "green", [ "v288", "h-57.6" ] ],
    [ "uno:10", "bb1:61t.c", "green", [ "v0" ] ],
    [ "led4:A", "bb1:61t.b", "green", [ "v0" ] ],
    [ "led4:C", "r4:2", "green", [ "v105.6", "h-38" ] ],
    [ "r4:1", "bb1:tn.40", "green", [ "v0" ] ]
  ],
  "dependencies": {}
}