{
  "version": 1,
  "author": "Anonymous maker",
  "editor": "wokwi",
  "parts": [
    { "type": "wokwi-breadboard-mini", "id": "bb1", "top": 27.4, "left": 16.8, "attrs": {} },
    { "type": "wokwi-arduino-uno", "id": "uno", "top": -66.6, "left": 412.2, "attrs": {} },
    { "type": "wokwi-servo", "id": "servo1", "top": -366.8, "left": 355.2, "attrs": {} },
    { "type": "wokwi-photoresistor-sensor", "id": "ldr1", "top": -160, "left": 20, "attrs": {} },
    {
      "type": "wokwi-resistor",
      "id": "r1",
      "top": 81.6,
      "left": -115.75,
      "rotate": 90,
      "attrs": { "value": "1000" }
    }
  ],
  "connections": [
    [ "servo1:GND", "uno:GND.1", "black", [ "h-67.2", "v115.2", "h153.6" ] ],
    [ "servo1:PWM", "uno:A1", "green", [ "h230.4", "v0.2", "h38.4", "v364.8", "h-76.8" ] ],
    [ "uno:5V", "bb1:17b.j", "red", [ "v86.3", "h-245.8" ] ],
    [ "servo1:V+", "bb1:17b.i", "green", [ "h-38.4", "v441.7" ] ],
    [ "ldr1:VCC", "bb1:17b.f", "red", [ "h38.4", "v249.6" ] ],
    [ "uno:GND.2", "bb1:1b.j", "black", [ "v134.3", "h-543.3" ] ],
    [ "r1:2", "bb1:1b.g", "green", [ "h0" ] ],
    [ "ldr1:GND", "bb1:1t.a", "black", [ "h19.2", "v114.8", "h-211.2", "v57.6" ] ],
    [ "r1:1", "bb1:1t.c", "green", [ "h0" ] ],
    [ "ldr1:AO", "uno:A0", "green", [ "h182.4", "v296.9", "h249.6" ] ]
  ],
  "dependencies": {}
}