{
  "version": 1,
  "author": "Anonymous maker",
  "editor": "wokwi",
  "parts": [
    { "type": "wokwi-arduino-uno", "id": "uno", "top": 221.4, "left": 95.4, "attrs": {} },
    {
      "type": "wokwi-stepper-motor",
      "id": "stepper1",
      "top": -63.59,
      "left": 394.03,
      "attrs": { "size": "17" }
    },
    { "type": "wokwi-a4988", "id": "drv1", "top": 225.6, "left": 456, "attrs": {} }
  ],
  "connections": [
    [ "drv1:STEP", "uno:2", "green", [ "h-48", "v-105.6", "h-86.4" ] ],
    [ "drv1:DIR", "uno:3", "green", [ "h-76.8", "v-96", "h-67.2" ] ],
    [ "drv1:RESET", "drv1:SLEEP", "green", [ "h-19.2", "v9.6" ] ],
    [ "drv1:1A", "stepper1:B+", "green", [ "h28.95", "v-134.32", "h-57.6" ] ],
    [ "drv1:1B", "stepper1:B-", "green", [ "h76.95", "v0.08" ] ],
    [ "drv1:2A", "stepper1:A+", "green", [ "h19.35", "v-105.52", "h-9.6" ] ],
    [ "drv1:2B", "stepper1:A-", "green", [ "h9.75", "v-86.32", "h-57.6" ] ],
    [ "drv1:GND.1", "uno:GND.2", "black", [ "v0.08", "h67.35", "v134.4", "h-316.8" ] ],
    [ "uno:5V", "drv1:VDD", "red", [ "v67.1", "h339.8", "v-192" ] ]
  ],
  "dependencies": {}
}