{
  "version": 1,
  "author": "Anonymous maker",
  "editor": "wokwi",
  "parts": [
    { "type": "wokwi-arduino-uno", "id": "uno", "top": 0.6, "left": 95.4, "attrs": {} },
    { "type": "wokwi-servo", "id": "servo1", "top": -194, "left": 211.2, "attrs": {} }
  ],
  "connections": [
    [ "servo1:GND", "uno:GND.1", "black", [ "h-67.2", "v115.2", "h153.6" ] ],
    [ "uno:5V", "servo1:V+", "red", [ "v38.3", "h-236.2", "v-384" ] ],
    [ "servo1:PWM", "uno:A1", "green", [ "h230.4", "v0.2", "h38.4", "v364.8", "h-76.8" ] ]
  ],
  "dependencies": {}
}