{
  "version": 1,
  "author": "Anonymous maker",
  "editor": "wokwi",
  "parts": [
    { "type": "wokwi-arduino-uno", "id": "uno", "top": -66.6, "left": 220.2, "attrs": {} },
    {
      "type": "wokwi-analog-joystick",
      "id": "joystick1",
      "top": -221.4,
      "left": 312.6,
      "attrs": {}
    }
  ],
  "connections": [
    [ "uno:5V", "joystick1:VCC", "red", [ "v57.5", "h-226.6", "v-268.8", "h192" ] ],
    [ "uno:GND.2", "joystick1:GND", "black", [ "v76.7", "h253.5", "v-259.2" ] ],
    [ "joystick1:HORZ", "uno:A0", "green", [ "v19.2", "h192", "v259.2", "h-124.8" ] ],
    [ "joystick1:VERT", "uno:A1", "green", [ "v28.8", "h182.4", "v220.8", "h-105.6" ] ],
    [ "joystick1:SEL", "uno:2", "green", [ "v38.4", "h76.8" ] ]
  ],
  "dependencies": {}
}