{
  "version": 1,
  "author": "Anonymous maker",
  "editor": "wokwi",
  "parts": [
    { "type": "wokwi-breadboard-mini", "id": "bb1", "top": 8.2, "left": 55.2, "attrs": {} },
    { "type": "wokwi-arduino-uno", "id": "uno", "top": 163.8, "left": 9, "attrs": {} },
    {
      "type": "wokwi-pushbutton",
      "id": "btn1",
      "top": -99.4,
      "left": 96,
      "rotate": 90,
      "attrs": { "color": "green" }
    },
    { "type": "wokwi-led", "id": "led1", "top": -42, "left": 272.6, "attrs": { "color": "red" } },
    {
      "type": "wokwi-resistor",
      "id": "r1",
      "top": 32.75,
      "left": 278.4,
      "attrs": { "value": "5000" }
    },
    {
      "type": "wokwi-resistor",
      "id": "r2",
      "top": 80.75,
      "left": -48,
      "attrs": { "value": "5000" }
    }
  ],
  "connections": [
    [ "uno:5V", "bb1:1b.j", "red", [ "v28.7", "h-159.4", "v-259.2" ] ],
    [ "r2:2", "bb1:1b.f", "green", [ "v0" ] ],
    [ "uno:GND.2", "bb1:9b.j", "black", [ "v19.1", "h167.1", "v-220.8", "h-57.6" ] ],
    [ "btn1:1.r", "bb1:9b.f", "green", [ "v0" ] ],
    [ "r2:1", "bb1:1t.e", "green", [ "v0" ] ],
    [ "btn1:2.r", "bb1:1t.a", "green", [ "v13.1", "h-63.9" ] ],
    [ "uno:12", "bb1:1t.c", "green", [ "v-28.8", "h-220.3", "v-124.8" ] ],
    [ "r1:2", "led1:A", "green", [ "v0", "h37.2", "v-48" ] ],
    [ "r1:1", "bb1:17t.c", "green", [ "v0" ] ],
    [ "uno:6", "bb1:17t.e", "green", [ "v-28.8", "h51.7", "v-9.6" ] ],
    [ "uno:GND.3", "bb1:16t.d", "black", [ "v-0.1", "h167.2", "v-288" ] ],
    [ "led1:C", "bb1:16t.a", "green", [ "v0", "h-76.4" ] ]
  ],
  "dependencies": {}
}