{
  "version": 1,
  "author": "Anonymous maker",
  "editor": "wokwi",
  "parts": [
    { "type": "wokwi-breadboard", "id": "bb1", "top": 256.2, "left": 70, "attrs": {} },
    { "type": "wokwi-arduino-mega", "id": "mega", "top": 634.2, "left": 226.8, "attrs": {} },
    {
      "type": "wokwi-led",
      "id": "led1",
      "top": 572.4,
      "left": -149.8,
      "attrs": { "color": "red" }
    },
    {
      "type": "wokwi-resistor",
      "id": "r1",
      "top": 416.75,
      "left": -230.4,
      "attrs": { "value": "10000" }
    },
    {
      "type": "wokwi-led",
      "id": "led2",
      "top": 246,
      "left": -226.6,
      "attrs": { "color": "green" }
    },
    {
      "type": "wokwi-pushbutton",
      "id": "btn1",
      "top": 543.8,
      "left": 960,
      "attrs": { "color": "green", "bounce": "1" }
    },
    {
      "type": "wokwi-resistor",
      "id": "r2",
      "top": 589.55,
      "left": 1152,
      "attrs": { "value": "10000" }
    },
    {
      "type": "wokwi-led",
      "id": "led3",
      "top": 361.2,
      "left": -505,
      "attrs": { "color": "blue" }
    }
  ],
  "connections": [
    [ "r1:1", "led1:C", "green", [ "v115.2", "h38.4" ] ],
    [ "mega:GND.1", "bb1:bn.20", "black", [ "v0" ] ],
    [ "mega:5V.2", "bb1:bp.40", "red", [ "v0" ] ],
    [ "r1:2", "bb1:bn.1", "green", [ "v0" ] ],
    [ "led1:A", "bb1:17b.i", "red", [ "v-316.8", "h220.8" ] ],
    [ "bb1:17b.f", "bb1:42b.f", "green", [ "v0", "h240" ] ],
    [ "mega:2", "bb1:42b.h", "green", [ "v0" ] ],
    [ "led2:C", "bb1:bn.1", "green", [ "v134.4", "h259.6" ] ],
    [ "led2:A", "mega:3", "green", [ "v240", "h672" ] ],
    [ "btn1:1.r", "r2:1", "green", [ "v0" ] ],
    [ "r2:2", "bb1:bn.50", "green", [ "v-201.6", "h-366" ] ],
    [ "btn1:2.l", "bb1:bp.48", "red", [ "h-192", "v-220.6" ] ],
    [ "btn1:1.l", "mega:16", "green", [ "h0" ] ]
  ],
  "dependencies": {}
}