{
  "version": 1,
  "author": "Anonymous maker",
  "editor": "wokwi",
  "parts": [
    { "type": "wokwi-breadboard", "id": "bb1", "top": 121.8, "left": -227.6, "attrs": {} },
    { "type": "wokwi-arduino-uno", "id": "uno", "top": 144.6, "left": 594.6, "attrs": {} },
    { "type": "wokwi-potentiometer", "id": "pot1", "top": 382.7, "left": -115.4, "attrs": {} },
    {
      "type": "wokwi-led",
      "id": "led1",
      "top": -22.8,
      "left": 195.8,
      "attrs": { "color": "red" }
    },
    { "type": "wokwi-resistor", "id": "r1", "top": 3.95, "left": 96, "attrs": { "value": "330" } }
  ],
  "connections": [
    [ "uno:5V", "bb1:bp.50", "red", [ "v0" ] ],
    [ "uno:GND.2", "bb1:bn.50", "black", [ "v38.3", "h-332.1" ] ],
    [ "uno:A2", "bb1:44b.j", "green", [ "v95.9", "h-581.6" ] ],
    [ "pot1:GND", "bb1:bn.1", "black", [ "v48", "h-144", "v-182.4", "h9.6" ] ],
    [ "pot1:VCC", "bb1:bp.21", "red", [ "v57.6", "h114.4" ] ],
    [ "pot1:SIG", "bb1:44b.f", "green", [ "v-230.4", "h287.6" ] ],
    [ "uno:A4", "bb1:tp.50", "green", [ "v19.1", "h52.2", "v-278.4", "h-518.4" ] ],
    [ "uno:GND.1", "bb1:tn.50", "black", [ "v-9.6", "h-335.7" ] ],
    [ "r1:2", "led1:C", "green", [ "v0" ] ],
    [ "led1:A", "bb1:tp.36", "green", [ "v0" ] ],
    [ "r1:1", "bb1:tn.26", "green", [ "v0" ] ]
  ],
  "dependencies": {}
}