{
  "version": 1,
  "author": "Anonymous maker",
  "editor": "wokwi",
  "parts": [
    { "type": "wokwi-breadboard", "id": "bb1", "top": 141, "left": -189.2, "attrs": {} },
    { "type": "wokwi-arduino-uno", "id": "uno", "top": 394.2, "left": -19.8, "attrs": {} },
    {
      "type": "wokwi-rgb-led",
      "id": "rgb1",
      "top": -44,
      "left": 87.5,
      "attrs": { "common": "cathode" }
    },
    { "type": "wokwi-resistor", "id": "r1", "top": 3.95, "left": 0, "attrs": { "value": "100" } },
    {
      "type": "wokwi-resistor",
      "id": "r2",
      "top": 42.35,
      "left": 86.4,
      "rotate": 90,
      "attrs": { "value": "100" }
    },
    {
      "type": "wokwi-resistor",
      "id": "r3",
      "top": 32.75,
      "left": 144,
      "rotate": 90,
      "attrs": { "value": "100" }
    }
  ],
  "connections": [
    [ "rgb1:R", "r1:2", "green", [ "v9.6" ] ],
    [ "rgb1:G", "r2:1", "green", [ "v0" ] ],
    [ "rgb1:B", "r3:1", "green", [ "v9.6", "h1.6" ] ],
    [ "rgb1:COM", "bb1:29t.a", "green", [ "v0" ] ],
    [ "uno:GND.2", "bb1:29t.e", "black", [ "v-220.9", "h-44.1" ] ],
    [ "uno:2", "bb1:40t.e", "green", [ "v0" ] ],
    [ "uno:6", "bb1:30t.e", "green", [ "v0" ] ],
    [ "uno:13", "bb1:17t.e", "green", [ "v-48", "h-105.2" ] ],
    [ "r1:1", "bb1:17t.a", "green", [ "v0", "h-19.2" ] ],
    [ "r2:2", "bb1:30t.c", "green", [ "h0" ] ],
    [ "r3:2", "bb1:40t.b", "green", [ "h9.05", "v114.85", "h28.8" ] ]
  ],
  "dependencies": {}
}