{
  "version": 1,
  "author": "Anonymous maker",
  "editor": "wokwi",
  "parts": [
    { "type": "wokwi-breadboard-mini", "id": "bb1", "top": -107, "left": 189.6, "attrs": {} },
    { "type": "wokwi-arduino-uno", "id": "uno", "top": 87, "left": 153, "attrs": {} },
    {
      "type": "wokwi-resistor",
      "id": "r1",
      "top": -44.05,
      "left": 374.4,
      "attrs": { "value": "1000" }
    },
    {
      "type": "wokwi-photoresistor-sensor",
      "id": "ldr1",
      "top": -73.6,
      "left": -95.2,
      "attrs": {}
    },
    { "type": "wokwi-led", "id": "led1", "top": -330, "left": 13.4, "attrs": { "color": "red" } },
    {
      "type": "wokwi-led",
      "id": "led2",
      "top": 274.8,
      "left": -34.6,
      "attrs": { "color": "blue" }
    },
    {
      "type": "wokwi-resistor",
      "id": "r2",
      "top": -196.8,
      "left": -29.35,
      "rotate": 90,
      "attrs": { "value": "100" }
    },
    {
      "type": "wokwi-resistor",
      "id": "r3",
      "top": 99.95,
      "left": -48,
      "rotate": 90,
      "attrs": { "value": "100" }
    }
  ],
  "connections": [
    [ "uno:5V", "bb1:1t.a", "red", [ "v38.3", "h167", "v-451.2", "h-278.4" ] ],
    [ "ldr1:VCC", "bb1:1t.e", "red", [ "h0" ] ],
    [ "uno:GND.2", "bb1:17b.j", "black", [ "v28.7", "h138.3", "v-288", "h-9.6" ] ],
    [ "r1:2", "bb1:17b.f", "green", [ "v0" ] ],
    [ "r1:1", "bb1:1b.f", "green", [ "v0", "h-172.8" ] ],
    [ "ldr1:GND", "bb1:1b.h", "black", [ "h28.8", "v-0.4" ] ],
    [ "uno:A0", "bb1:1b.j", "green", [ "v19.1", "h71", "v-259.2", "h-230.4" ] ],
    [ "ldr1:AO", "bb1:1b.i", "green", [ "h0", "v37.7" ] ],
    [ "r2:1", "led1:C", "green", [ "h0", "v-57.6" ] ],
    [ "uno:GND.1", "bb1:8t.e", "black", [ "v-76.8", "h29.1" ] ],
    [ "r2:2", "bb1:8t.b", "green", [ "h124.8", "v75.6" ] ],
    [ "led1:A", "uno:12", "green", [ "v9.6", "h537.6", "v336", "h-288" ] ],
    [ "r3:1", "bb1:8t.c", "green", [ "h-0.55", "v-66.35", "h182.4", "v-86.4", "h0" ] ],
    [ "led2:C", "r3:2", "green", [ "v0", "h-18.8", "v-76.8" ] ],
    [ "led2:A", "uno:11", "green", [ "v9.6", "h96", "v-144", "h201.6" ] ]
  ],
  "dependencies": {}
}